dishes,dirtiness,predicted_wash_time
15,0,19.130841121495312
10,0,9.999999999999996
10,15,9.999999999999996
10,5,9.999999999999998
10,10,10.0
10,20,10.0
10,25,10.0
10,30,10.0
5,0,9.999999999999996
5,5,9.999999999999998
5,10,10.0
5,15,10.0
5,20,10.0
5,25,10.0
5,30,10.0
5,35,18.25371120107963
0,0,9.999999999999996
0,5,9.999999999999996
0,10,9.999999999999996
0,15,9.999999999999996
0,20,9.999999999999996
0,25,9.999999999999996
0,30,9.999999999999996
0,35,17.9325551232166
